{
  "m86": {
    "19": {
      "index_for_polarizationAVG": [
        3, 
        2, 
        4, 
        5, 
        0, 
        1
      ], 
      "velocity_for_polarizationU9": [
        -45.04964204498771, 
        -44.56672065159853, 
        -43.53501677372922, 
        -45.44480859193284, 
        -42.98623428911595, 
        -42.65697378968611
      ], 
      "amplitude_for_polarizationAVG": [
        3251.078694902639, 
        2705.5718852311106, 
        2473.1892988815434, 
        2089.1549227336955, 
        1262.11901608139, 
        2074.397983229813
      ], 
      "velocity_for_polarizationAVG": [
        -44.56672065159853, 
        -43.53501677372922, 
        -45.04964204498771, 
        -45.44480859193284, 
        -42.65697378968611, 
        -42.98623428911595
      ], 
      "velocity_for_polarizationU1": [
        -44.56672065159853, 
        -45.04964204498771, 
        -43.53501677372922, 
        -42.98623428911595, 
        -45.44480859193284, 
        -42.67891250126384
      ], 
      "index_for_polarizationU1": [
        3, 
        4, 
        2, 
        1, 
        5, 
        0
      ], 
      "stopTime": "10:50:50", 
      "amplitude_for_polarizationU9": [
        2423.344835092812, 
        3184.476768552804, 
        2649.002557313221, 
        2046.55506509516, 
        2029.959019185569, 
        1235.9770769922595
      ], 
      "location": "IRBENE", 
      "startTime": "10:49:50", 
      "Date": "05 Nov 2017", 
      "amplitude_for_polarizationU1": [
        3317.6806212524743, 
        2523.033762670275, 
        2762.141213149, 
        2118.836947274056, 
        2131.7547803722314, 
        1288.3377338546911
      ], 
      "index_for_polarizationU9": [
        4, 
        3, 
        2, 
        5, 
        1, 
        0
      ]
    }, 
    "41": {
      "index_for_polarizationAVG": [
        3, 
        2, 
        4, 
        5, 
        1, 
        0
      ], 
      "velocity_for_polarizationU9": [
        -42.62746131278612, 
        -42.95672181221595, 
        -43.50550429682922, 
        -44.537208174698534, 
        -45.02012956808772, 
        -45.415296115032845
      ], 
      "amplitude_for_polarizationAVG": [
        1029.7187437165765, 
        1692.4269884763276, 
        2207.380806511318, 
        2652.4422241529937, 
        2017.7902480042376, 
        1704.4691977089647
      ], 
      "velocity_for_polarizationAVG": [
        -42.62746131278612, 
        -42.95672181221595, 
        -43.50550429682922, 
        -44.537208174698534, 
        -45.02012956808772, 
        -45.415296115032845
      ], 
      "index_for_polarizationU1": [
        3, 
        2, 
        4, 
        5, 
        1, 
        0
      ], 
      "velocity_for_polarizationU1": [
        -42.64940002436384, 
        -42.95672181221595, 
        -43.50550429682922, 
        -44.537208174698534, 
        -45.02012956808772, 
        -45.415296115032845
      ], 
      "stopTime": "13:59:50", 
      "amplitude_for_polarizationU9": [
        1009.8837092499126, 
        1658.6250522615394, 
        2164.4289187804634, 
        2601.9505304030436, 
        1980.0500481857298, 
        1672.1852361144895
      ], 
      "location": "IRBENE", 
      "startTime": "13:52:50", 
      "Date": "05 Nov 2017", 
      "amplitude_for_polarizationU1": [
        1049.6163302288714, 
        1726.2289246911155, 
        2250.3326942421727, 
        2702.9339179029444, 
        2055.5304478227454, 
        1736.75315930344
      ], 
      "index_for_polarizationU9": [
        3, 
        2, 
        4, 
        1, 
        5, 
        0
      ]
    }
  }, 
  "m44": {
    "19": {
      "velocity_for_polarizationU9": [
        -42.660749232248754, 
        -42.968071020034294, 
        -43.538792216225296, 
        -44.57054105051894, 
        -45.05346244384155, 
        -45.44858403449548
      ], 
      "amplitude_for_polarizationAVG": [
        1307.069946710802, 
        2135.6504924242536, 
        2785.4006968585327, 
        3356.629732606108, 
        2553.4858822320557, 
        2192.120298771212
      ], 
      "velocity_for_polarizationAVG": [
        -42.660749232248754, 
        -42.968071020034294, 
        -43.538792216225296, 
        -44.57054105051894, 
        -45.05346244384155, 
        -45.44858403449548
      ], 
      "velocity_for_polarizationU1": [
        -42.660749232248754, 
        -42.968071020034294, 
        -43.538792216225296, 
        -44.57054105051894, 
        -45.05346244384155, 
        -45.42664532291776
      ], 
      "stopTime": "18:15:50", 
      "amplitude_for_polarizationU9": [
        1268.6020852872716, 
        2062.754289357938, 
        2703.5487707092807, 
        3243.309542313572, 
        2471.6382430311182, 
        2145.9802308393773
      ], 
      "location": "IRBENE", 
      "startTime": "18:14:50", 
      "Date": "27 Jun 2017", 
      "amplitude_for_polarizationU1": [
        1345.5378081343322, 
        2208.546695490569, 
        2867.2526230077847, 
        3469.949922898644, 
        2635.3335214329927, 
        2239.2943607519474
      ]
    }
  }
}