{
    "m86": {
        "19": {
            "velocity_for_polarizationU9": [
                -44.56672065159853, 
                -43.53501677372922, 
                -45.04964204498771, 
                -45.44480859193284, 
                -42.98623428911595
            ], 
            "amplitude_for_polarizationAVG": [
                2663.3326354545643, 
                2431.1025906622117, 
                2047.3363207897635, 
                2032.449058570934, 
                3208.791604236105
            ], 
            "velocity_for_polarizationAVG": [
                -43.53501677372922, 
                -45.04964204498771, 
                -45.44480859193284, 
                -42.98623428911595, 
                -44.56672065159853
            ], 
            "velocity_for_polarizationU1": [
                -45.44480859193284, 
                -42.98623428911595, 
                -45.04964204498771, 
                -43.53501677372922, 
                -44.56672065159853
            ], 
            "stopTime": "10:50:50", 
            "amplitude_for_polarizationU9": [
                3143.0756700610486, 
                2607.661876237183, 
                2382.1340510652285, 
                2005.6023592154706, 
                1988.909917588484
            ], 
            "location": "IRBENE", 
            "startTime": "10:49:50", 
            "amplitude_for_polarizationU1": [
                2089.0702823640563, 
                2075.988199553384, 
                2480.0711302591953, 
                2719.003394671945, 
                3274.507538411161
            ]
        }, 
        "41": {
            "velocity_for_polarizationU9": [
                -44.537208174698534, 
                -43.50550429682922, 
                -45.02012956808772, 
                -45.415296115032845, 
                -42.95672181221595
            ], 
            "amplitude_for_polarizationAVG": [
                2623.4060776817623, 
                2178.397568770705, 
                1988.8410107072468, 
                1675.6437252389935, 
                1663.6041007613262
            ], 
            "velocity_for_polarizationAVG": [
                -44.537208174698534, 
                -43.50550429682922, 
                -45.02012956808772, 
                -45.415296115032845, 
                -42.95672181221595
            ], 
            "velocity_for_polarizationU1": [
                -45.415296115032845, 
                -42.95672181221595, 
                -45.02012956808772, 
                -43.50550429682922, 
                -44.537208174698534
            ], 
            "stopTime": "13:59:50", 
            "amplitude_for_polarizationU9": [
                2573.4954398049113, 
                2136.025886468645, 
                1951.6800191488162, 
                1643.9364027399233, 
                1630.3792552393206
            ], 
            "location": "IRBENE", 
            "startTime": "13:52:50", 
            "amplitude_for_polarizationU1": [
                1707.3510477380637, 
                1696.8289462833318, 
                2026.0020022656774, 
                2220.769251072765, 
                2673.3167155586134
            ]
        }
    }, 
    "m25": {
        "23": {
            "velocity_for_polarizationU9": [
                -45.438331305939734, 
                -42.97980195948061, 
                -45.043209715285805, 
                -43.52858444402731, 
                -44.58222703354092
            ], 
            "amplitude_for_polarizationAVG": [
                1018.4044898788619, 
                987.9731315749194, 
                1174.835671784675, 
                1292.571205816956, 
                1563.377432060889
            ], 
            "velocity_for_polarizationAVG": [
                -45.438331305939734, 
                -42.97980195948061, 
                -45.043209715285805, 
                -43.52858444402731, 
                -44.58222703354092
            ], 
            "velocity_for_polarizationU1": [
                -45.438331305939734, 
                -42.97980195948061, 
                -45.043209715285805, 
                -43.52858444402731, 
                -44.58222703354092
            ], 
            "stopTime": "09:48:50", 
            "amplitude_for_polarizationU9": [
                1010.298751953655, 
                968.0698592560002, 
                1148.7964958046691, 
                1262.1797357344508, 
                1520.9555974443667
            ], 
            "location": "IRBENE", 
            "startTime": "09:47:50", 
            "amplitude_for_polarizationU1": [
                1026.5102278040688, 
                1007.8764038938386, 
                1200.8748477646807, 
                1322.9626758994614, 
                1605.7992666774117
            ]
        }
    }, 
    "m82": {
        "19": {
            "velocity_for_polarizationU9": [
                -44.587899920643075, 
                -45.00496022287473, 
                -43.60007346592922, 
                -42.96349117864727, 
                -45.42202052510639
            ], 
            "amplitude_for_polarizationAVG": [
                2077.0806331972335, 
                1976.5593239318077, 
                2261.3685019577215, 
                2425.181031975314, 
                3102.3023604814234
            ], 
            "velocity_for_polarizationAVG": [
                -45.42202052510639, 
                -42.98542989022499, 
                -45.00496022287473, 
                -43.51227366319397, 
                -44.587899920643075
            ], 
            "velocity_for_polarizationU1": [
                -45.42202052510639, 
                -45.00496022287473, 
                -43.49033495161624, 
                -42.98542989022499, 
                -44.56591625270758
            ], 
            "stopTime": "10:55:50", 
            "amplitude_for_polarizationU9": [
                2986.95553727971, 
                2239.936499919822, 
                2433.4204521150446, 
                1925.5349483626264, 
                2080.280812881924
            ], 
            "location": "IRBENE", 
            "startTime": "10:54:50", 
            "amplitude_for_polarizationU1": [
                2073.8804535125437, 
                2282.8005039956206, 
                2499.754125007493, 
                2050.586409107983, 
                3232.2342787380094
            ]
        }
    }, 
    "m44": {
        "19": {
            "velocity_for_polarizationU9": [
                -44.57054105051894, 
                -45.05346244384155, 
                -43.538792216225296, 
                -45.44858403449548, 
                -42.968071020034294
            ], 
            "amplitude_for_polarizationAVG": [
                2148.771299647216, 
                2092.5055007955425, 
                2509.9044844272676, 
                2741.8597676917607, 
                3312.9005804298713
            ], 
            "velocity_for_polarizationAVG": [
                -45.44858403449548, 
                -42.968071020034294, 
                -45.05346244384155, 
                -43.538792216225296, 
                -44.57054105051894
            ], 
            "velocity_for_polarizationU1": [
                -45.42664532291776, 
                -42.968071020034294, 
                -45.05346244384155, 
                -43.538792216225296, 
                -44.57054105051894
            ], 
            "stopTime": "18:15:50", 
            "amplitude_for_polarizationU9": [
                3198.535035930562, 
                2427.0221178674747, 
                2658.949793603336, 
                2101.6074627164835, 
                2018.5499319711425
            ], 
            "location": "IRBENE", 
            "startTime": "18:14:50",