{
    "m86": {
        "19": {
            "velocity_for_polarizationU9": [
                -44.56672065159853, 
                -45.04964204498771, 
                -43.53501677372922, 
                -45.44480859193284, 
                -42.98623428911595, 
                -42.65697378968611
            ], 
            "amplitude_for_polarizationAVG": [
                2032.3721641995044, 
                2047.1240428659564, 
                1220.377259340196, 
                2430.90532093858, 
                2663.2191570767773, 
                3208.6171094667607
            ], 
            "velocity_for_polarizationAVG": [
                -42.98623428911595, 
                -45.44480859193284, 
                -42.65697378968611, 
                -45.04964204498771, 
                -43.53501677372922, 
                -44.56672065159853
            ], 
            "velocity_for_polarizationU1": [
                -42.67891250126384, 
                -45.44480859193284, 
                -42.98623428911595, 
                -45.04964204498771, 
                -43.53501677372922, 
                -44.56672065159853
            ], 
            "stopTime": "10:50:50", 
            "amplitude_for_polarizationU9": [
                3142.8705079262145, 
                2381.91003038071, 
                2607.510783303386, 
                2005.3667458049572, 
                1988.792748831175, 
                1195.0924942023457
            ], 
            "location": "IRBENE", 
            "startTime": "10:49:50", 
            "Date": "05 Nov 2017", 
            "amplitude_for_polarizationU1": [
                1245.7176582370178, 
                2088.8813399269557, 
                2075.9515795678335, 
                2479.9006114964504, 
                2718.9275308501683, 
                3274.363711007307
            ]
        }, 
        "41": {
            "velocity_for_polarizationU9": [
                -45.415296115032845, 
                -42.95672181221595, 
                -45.02012956808772, 
                -43.50550429682922, 
                -44.537208174698534, 
                -42.62746131278612
            ], 
            "amplitude_for_polarizationAVG": [
                1670.1805556376084, 
                1658.1366360080594, 
                1983.2942739740101, 
                2172.825087940995, 
                2617.8002348904533, 
                995.6593711764601
            ], 
            "velocity_for_polarizationAVG": [
                -45.415296115032845, 
                -42.95672181221595, 
                -45.02012956808772, 
                -43.50550429682922, 
                -44.537208174698534, 
                -42.62746131278612
            ], 
            "velocity_for_polarizationU1": [
                -45.415296115032845, 
                -42.95672181221595, 
                -45.02012956808772, 
                -43.50550429682922, 
                -44.537208174698534, 
                -42.64940002436384
            ], 
            "stopTime": "13:59:50", 
            "amplitude_for_polarizationU9": [
                1638.5340960944823, 
                1624.9849317597168, 
                1946.1964832650274, 
                2130.524422226151, 
                2567.955524919011, 
                976.472843309291
            ], 
            "location": "IRBENE", 
            "startTime": "13:52:50", 
            "Date": "05 Nov 2017", 
            "amplitude_for_polarizationU1": [
                1701.8270151807346, 
                1691.288340256402, 
                2020.392064682993, 
                2215.12575365584, 
                2667.6449448618955, 
                1014.8912672713235
            ]
        }
    }, 
    "m80": {
        "19": {
            "velocity_for_polarizationU9": [
                -44.5723618766034
            ], 
            "amplitude_for_polarizationAVG": [
                1576.5587881684357
            ], 
            "velocity_for_polarizationAVG": [
                -44.5723618766034
            ], 
            "velocity_for_polarizationU1": [
                -43.5187192870898
            ], 
            "stopTime": "11:10:50", 
            "amplitude_for_polarizationU9": [
                1568.1012940635874
            ], 
            "location": "IRBENE", 
            "startTime": "11:09:50", 
            "Date": "18 Oct 2017", 
            "amplitude_for_polarizationU1": [
                1317.482071588787
            ]
        }
    }
}