{
    "m86": {
        "19": {
            "velocity_for_polarizationU9": [
                -44.56672065159853, 
                -45.04964204498771, 
                -43.53501677372922, 
                -45.44480859193284, 
                -42.98623428911595, 
                -42.65697378968611
            ], 
            "amplitude_for_polarizationAVG": [
                2032.3721641995044, 
                2047.1240428659564, 
                1220.377259340196, 
                2430.90532093858, 
                2663.2191570767773, 
                3208.6171094667607
            ], 
            "velocity_for_polarizationAVG": [
                -42.98623428911595, 
                -45.44480859193284, 
                -42.65697378968611, 
                -45.04964204498771, 
                -43.53501677372922, 
                -44.56672065159853
            ], 
            "velocity_for_polarizationU1": [
                -42.67891250126384, 
                -45.44480859193284, 
                -42.98623428911595, 
                -45.04964204498771, 
                -43.53501677372922, 
                -44.56672065159853
            ], 
            "stopTime": "10:50:50", 
            "amplitude_for_polarizationU9": [
                3142.8705079262145, 
                2381.91003038071, 
                2607.510783303386, 
                2005.3667458049572, 
                1988.792748831175, 
                1195.0924942023457
            ], 
            "location": "IRBENE", 
            "startTime": "10:49:50", 
            "Date": "05 Nov 2017", 
            "amplitude_for_polarizationU1": [
                1245.7176582370178, 
                2088.8813399269557, 
                2075.9515795678335, 
                2479.9006114964504, 
                2718.9275308501683, 
                3274.363711007307
            ]
        }, 
        "41": {
            "velocity_for_polarizationU9": [
                -45.02012956808772, 
                -43.50550429682922, 
                -42.95672181221595, 
                -45.415296115032845
            ], 
            "amplitude_for_polarizationAVG": [
                2620.881110969899, 
                2175.961896560134, 
                1986.3137002374388, 
                1673.1332376480805, 
                1661.2618244600053
            ], 
            "velocity_for_polarizationAVG": [
                -44.537208174698534, 
                -43.50550429682922, 
                -45.02012956808772, 
                -45.415296115032845, 
                -42.95672181221595
            ], 
            "velocity_for_polarizationU1": [
                -45.415296115032845, 
                -42.95672181221595, 
                -45.02012956808772, 
                -43.50550429682922, 
                -44.537208174698534
            ], 
            "stopTime": "13:59:50", 
            "amplitude_for_polarizationU9": [
                1949.472105844524, 
                2133.791838012972, 
                1628.1935888772448, 
                1641.7734294281672
            ], 
            "location": "IRBENE", 
            "startTime": "13:52:50", 
            "Date": "05 Nov 2017", 
            "amplitude_for_polarizationU1": [
                1704.4930458679937, 
                1694.3300600427656, 
                2023.1552946303532, 
                2218.1319551072957, 
                2670.50842110095
            ]
        }
    }, 
    "m80": {
        "19": {
            "velocity_for_polarizationU9": [
                -44.5723618766034
            ], 
            "amplitude_for_polarizationAVG": [
                1576.5587881684357
            ], 
            "velocity_for_polarizationAVG": [
                -44.5723618766034
            ], 
            "velocity_for_polarizationU1": [
                -43.5187192870898
            ], 
            "stopTime": "11:10:50", 
            "amplitude_for_polarizationU9": [
                1568.1012940635874
            ], 
            "location": "IRBENE", 
            "startTime": "11:09:50", 
            "Date": "18 Oct 2017", 
            "amplitude_for_polarizationU1": [
                1317.482071588787
            ]
        }
    }
}